{
   "SJA":{
      "Lat":13.008865,
      "Lng":74.795673
   },
   "Online":{
      "Lat":0.0,
      "Lng":0.0
   },
   "NTB":{
      "Lat":13.009458,
      "Lng":74.794565
   },
   "ATB Seminar Hall":{
      "Lat":13.009515,
      "Lng":74.793991
   },
   "Mining Seminar Hall":{
      "Lat":13.011928,
      "Lng":74.794042
   },
   "Comps Lab":{
      "Lat":13.011379,
      "Lng":74.792081
   },
   "Sports Complex":{
      "Lat":13.009079,
      "Lng":74.797164
   },
   "Main grounds":{
      "Lat":13.010015,
      "Lng":74.797154
   },
   "NTB Second Floor":{
      "Lat":13.009458,
      "Lng":74.794565
   },
   "Basic Comm. Lab (EC Dept)":{
      "Lat":13.010976,
      "Lng":74.792196
   },
   "Pavillion":{
      "Lat":13.010956,
      "Lng":74.794656
   },
   "MBA Lecture Hall-1":{
      "Lat":13.008891,
      "Lng":74.794550
   },
   "MBA Seminar Hall-1":{
      "Lat":13.008891,
      "Lng":74.794550
   },
   "ISTE Seminar Hall":{
      "Lat":13.010902,
      "Lng":74.794349
   },
   "MB Classroom L011":{
      "Lat":13.010902,
      "Lng":74.794349
   },
   "Civil Dept":{
      "Lat":13.012299,
      "Lng":74.793885
   },
   "Chemical Dept Terrace":{
      "Lat":13.009515,
      "Lng":74.793991
   },
   "SACA Lab and CCC":{
      "Lat":13.009447,
      "Lng":74.795794
   },
   "NTB Ground and First Floor":{
      "Lat":13.009458,
      "Lng":74.794565
   },
   "MB Classroom":{
      "Lat":13.010902,
      "Lng":74.794349
   },
   "NTB Ground Floor":{
      "Lat":13.009458,
      "Lng":74.794565
   },
   "Full ATB":{
      "Lat":13.009515,
      "Lng":74.793991
   },
   "Main Seminar Hall":{
      "Lat":13.010902,
      "Lng":74.794349
   },
   "Meta Seminar Hall":{
      "Lat":13.010901,
      "Lng":74.795009
   },
   "EC Seminar Hall":{
      "Lat":13.010976,
      "Lng":74.792196
   },
   "BioTech Seminar Hall":{
      "Lat":13.011261,
      "Lng":74.795621
   },
   " MBA Lecture Hall-1":{
      "Lat":13.008891,
      "Lng":74.794550
   },
   " MBA Seminar Hall-1":{
      "Lat":13.008891,
      "Lng":74.794550
   },
   "Special Stage":{
      "Lat":13.010956,
      "Lng":74.794656
   },
   " Foundry Lab-Meta Dept":{
      "Lat":13.010860,
      "Lng":74.795127
   },
   "SCE ATB":{
      "Lat":13.009515,
      "Lng":74.793991
   },
   "LHC-C":{
      "Lat":13.010564,
      "Lng":74.792314
   },
   "LHC - C":{
      "Lat":13.010564,
      "Lng":74.792314
   },
   "SAC":{
      "Lat":13.010697,
      "Lng":74.795701
   },
   "Physics Seminar Hall":{
      "Lat":13.008859,
      "Lng":74.794815
   },
   "LHC-A":{
      "Lat":13.009515,
      "Lng":74.793991
   },
   "LHC-B":{
      "Lat":13.009458,
      "Lng":74.794565
   }
}